IE_XML_ID;IE_NAME;IE_ID;IE_PREVIEW_TEXT;IE_PREVIEW_TEXT_TYPE;IE_DETAIL_TEXT;IE_DETAIL_TEXT_TYPE;IE_CODE;IE_SORT;IE_TAGS;IP_PROP54;IP_PROP51;IP_PROP55;IP_PROP53;IP_PROP52;IC_GROUP0;IC_GROUP1;IC_GROUP2
1546;ЯРД ГАРДЕН;1546;*официальный дистрибьютор по Москве;text;Шоу – Рум под открытым небом;text;yard-garden;500;;;Красногорский р-н, д. Гольево, ул. Центральная д. 51; Г. МОСКВА, МОСКОВСКАЯ ОБЛАСТЬ;;8 (495) 998 50 50;Г. МОСКВА, МОСКОВСКАЯ ОБЛАСТЬ;;
1546;ЯРД ГАРДЕН;1546;*официальный дистрибьютор по Москве;text;Шоу – Рум под открытым небом;text;yard-garden;500;;;Красногорский р-н, д. Гольево, ул. Центральная д. 51; Г. МОСКВА, МОСКОВСКАЯ ОБЛАСТЬ;;8 (985) 998 50 50;Г. МОСКВА, МОСКОВСКАЯ ОБЛАСТЬ;;
1547;ЯРД ГАРДЕН;1547;"*официальный дистрибьютор по Москве

";text;Точка продаж (склад);text;yard-garden2;500;;;Волоколамский р-н д. Золево д. 2; Г. МОСКВА, МОСКОВСКАЯ ОБЛАСТЬ;;8 (495) 998 50 50;Г. МОСКВА, МОСКОВСКАЯ ОБЛАСТЬ;;
1547;ЯРД ГАРДЕН;1547;"*официальный дистрибьютор по Москве

";text;Точка продаж (склад);text;yard-garden2;500;;;Волоколамский р-н д. Золево д. 2; Г. МОСКВА, МОСКОВСКАЯ ОБЛАСТЬ;;8 (985) 998 50 50;Г. МОСКВА, МОСКОВСКАЯ ОБЛАСТЬ;;
1548;ЯРД ГАРДЕН;1548;*официальный дистрибьютор по Москве;text;Точка продаж (склад);text;yard-garden3;500;;;Красногорский р-н, п. Архангельское 2б, стр. 2; Г. МОСКВА, МОСКОВСКАЯ ОБЛАСТЬ;;8 (495) 998 50 50;Г. МОСКВА, МОСКОВСКАЯ ОБЛАСТЬ;;
1548;ЯРД ГАРДЕН;1548;*официальный дистрибьютор по Москве;text;Точка продаж (склад);text;yard-garden3;500;;;Красногорский р-н, п. Архангельское 2б, стр. 2; Г. МОСКВА, МОСКОВСКАЯ ОБЛАСТЬ;;8 (985) 998 50 50;Г. МОСКВА, МОСКОВСКАЯ ОБЛАСТЬ;;
1549;GREEN HOFF;1549;;text;"Консультация и заказ 24/7
WhatsApp: 89162696794";text;green-hoff;500;;;г. Москва, ул. Краснобогатырская, д.2 стр. 1, офис 153; Г. МОСКВА, МОСКОВСКАЯ ОБЛАСТЬ;www.greenhoff.ru;8 (499) 506-83-90;Г. МОСКВА, МОСКОВСКАЯ ОБЛАСТЬ;;
1549;GREEN HOFF;1549;;text;"Консультация и заказ 24/7
WhatsApp: 89162696794";text;green-hoff;500;;;г. Москва, ул. Краснобогатырская, д.2 стр. 1, офис 153; Г. МОСКВА, МОСКОВСКАЯ ОБЛАСТЬ;www.greenhoff.ru;8 (495) 505-50-96;Г. МОСКВА, МОСКОВСКАЯ ОБЛАСТЬ;;
1550;ТД «Кирпичник» (ООО «БСК»);1550;;text;"АДРЕС ОФИСА: г. Санкт-Петербург, пр. Обуховской обороны, д.112, корпус 2, лит. И, БЦ «ВАНТ», офис 113

Часы работы: пн-пт, с 9:00 до 18:00

АДРЕС СКЛАДА: г. Санкт-Петербург, Гаражный проезд, 1

Часы работы: пн-сб, с 9:00 до 17:00";text;td-kirpichnik-ooo-bsk-;500;;812bsk@mail.ru;;Г. САНКТ-ПЕТЕРБУРГ И ЛЕНИНГРАДСКАЯ ОБЛАСТЬ;http://www.kirpi4nik.com;8 (812) 934-04-04 — многоканальный;Г. САНКТ-ПЕТЕРБУРГ И ЛЕНИНГРАДСКАЯ ОБЛАСТЬ;;
1551;«Культ Кирпича»;1551;;text;"Директор: Щипакин М.С.
Наш инстаграмм: https://www.instagram.com/kirpichb.ru/";text;kult-kirpicha;500;;;г. Ростов-на-Дону, ул. Текучёва 209;Г. РОСТОВ-НА-ДОНУ, РОСТОВСКАЯ ОБЛАСТЬ;https://kult-kirpicha.ru;8 (988) 584-02-56 ;Г. РОСТОВ-НА-ДОНУ, РОСТОВСКАЯ ОБЛАСТЬ;;
1551;«Культ Кирпича»;1551;;text;"Директор: Щипакин М.С.
Наш инстаграмм: https://www.instagram.com/kirpichb.ru/";text;kult-kirpicha;500;;;г. Ростов-на-Дону, ул. Текучёва 209;Г. РОСТОВ-НА-ДОНУ, РОСТОВСКАЯ ОБЛАСТЬ;https://kult-kirpicha.ru;8 (903) 462-78-17;Г. РОСТОВ-НА-ДОНУ, РОСТОВСКАЯ ОБЛАСТЬ;;
1551;«Культ Кирпича»;1551;;text;"Директор: Щипакин М.С.
Наш инстаграмм: https://www.instagram.com/kirpichb.ru/";text;kult-kirpicha;500;;;г. Ростов-на-Дону, ул. Текучёва 209;Г. РОСТОВ-НА-ДОНУ, РОСТОВСКАЯ ОБЛАСТЬ;https://kult-kirpicha.ru;8 (900) 123-43-43;Г. РОСТОВ-НА-ДОНУ, РОСТОВСКАЯ ОБЛАСТЬ;;
1552;МОРТЕХ;1552;Центральный офис продаж и шоу-рум;text;;text;mortekh;500;;;г. Москва, Головинское шоссе, д. 12, подъезд 3, 2-й эт., офис 203; Г. МОСКВА, МОСКОВСКАЯ ОБЛАСТЬ;https://mortex.ru/;+7 (495) 517-34-88;Г. МОСКВА, МОСКОВСКАЯ ОБЛАСТЬ;;
1552;МОРТЕХ;1552;Центральный офис продаж и шоу-рум;text;;text;mortekh;500;;;г. Москва, Головинское шоссе, д. 12, подъезд 3, 2-й эт., офис 203; Г. МОСКВА, МОСКОВСКАЯ ОБЛАСТЬ;https://mortex.ru/;8 (925) 517-34-88;Г. МОСКВА, МОСКОВСКАЯ ОБЛАСТЬ;;
1553;МОРТЕХ;1553;Офис продаж;text;;text;mortekh2;500;;;г. Москва ул. Жуковского, д. 31, оф. 119; Г. МОСКВА, МОСКОВСКАЯ ОБЛАСТЬ;https://mortex.ru/;+7 (495) 517-34-88;Г. МОСКВА, МОСКОВСКАЯ ОБЛАСТЬ;;
1553;МОРТЕХ;1553;Офис продаж;text;;text;mortekh2;500;;;г. Москва ул. Жуковского, д. 31, оф. 119; Г. МОСКВА, МОСКОВСКАЯ ОБЛАСТЬ;https://mortex.ru/;8 (925) 517-34-88;Г. МОСКВА, МОСКОВСКАЯ ОБЛАСТЬ;;
1554;МОРТЕХ;1554;Шоу-рум и оптово-розничный склад;text;;text;mortekh3;500;;;г. Раменское, Донинское шоссе, д. 20, Строительный рынок «Радуга», павильон Д-2; Г. МОСКВА, МОСКОВСКАЯ ОБЛАСТЬ;https://mortex.ru/;+7 (495) 517-34-88;Г. МОСКВА, МОСКОВСКАЯ ОБЛАСТЬ;;
1554;МОРТЕХ;1554;Шоу-рум и оптово-розничный склад;text;;text;mortekh3;500;;;г. Раменское, Донинское шоссе, д. 20, Строительный рынок «Радуга», павильон Д-2; Г. МОСКВА, МОСКОВСКАЯ ОБЛАСТЬ;https://mortex.ru/;8 (925) 517-34-88;Г. МОСКВА, МОСКОВСКАЯ ОБЛАСТЬ;;
1555;МОРТЕХ;1555;Оптово-розничный склад;text;;text;mortekh4;500;;;пгт Белоозёрский, Коммунальная улица, 54, открытая площадка Д-2; Г. МОСКВА, МОСКОВСКАЯ ОБЛАСТЬ;https://mortex.ru/;+7 (495) 517-34-88;Г. МОСКВА, МОСКОВСКАЯ ОБЛАСТЬ;;
1555;МОРТЕХ;1555;Оптово-розничный склад;text;;text;mortekh4;500;;;пгт Белоозёрский, Коммунальная улица, 54, открытая площадка Д-2; Г. МОСКВА, МОСКОВСКАЯ ОБЛАСТЬ;https://mortex.ru/;8 (925) 517-34-88;Г. МОСКВА, МОСКОВСКАЯ ОБЛАСТЬ;;
1556;Кирпичный Дворик;1556;;text;;text;kirpichnyy-dvorik;500;;krpdvor@list.ru;г. Москва, ТЦ «Люблинское поле» Тихорецкий б-р, 1, корп Д, пав №105; Г. МОСКВА, МОСКОВСКАЯ ОБЛАСТЬ;;+7 (916) 165-21-12;Г. МОСКВА, МОСКОВСКАЯ ОБЛАСТЬ;;
1556;Кирпичный Дворик;1556;;text;;text;kirpichnyy-dvorik;500;;krpdvor@list.ru;г. Москва, ТЦ «Люблинское поле» Тихорецкий б-р, 1, корп Д, пав №105; Г. МОСКВА, МОСКОВСКАЯ ОБЛАСТЬ;;+7 (499) 394-40-58;Г. МОСКВА, МОСКОВСКАЯ ОБЛАСТЬ;;
1557;Кирпичный Дворик;1557;Шоу рум;text;;text;kirpichnyy-dvorik2;500;;krpdvor@list.ru;Московская область, город Жуковский, улица Энергетическая, строение 7 (территория АТП-18), индекс 140185; Г. МОСКВА, МОСКОВСКАЯ ОБЛАСТЬ;;+7 (916) 165-21-12;Г. МОСКВА, МОСКОВСКАЯ ОБЛАСТЬ;;
1558;Кирпичный Дворик;1558;Шоу рум;text;;text;kirpichnyy-dvorik3;500;;krpdvor@list.ru;Московская область, деревня Капустино (14 км. от Егорьевского шоссе); Г. МОСКВА, МОСКОВСКАЯ ОБЛАСТЬ;;+7 (916) 272-03-03;Г. МОСКВА, МОСКОВСКАЯ ОБЛАСТЬ;;
1559;Кирпичный Дворик;1559;Шоу рум;text;;text;kirpichnyy-dvorik5;500;;krpdvor@list.ru;г. Бронницы ул.Советская д.69; Г. МОСКВА, МОСКОВСКАЯ ОБЛАСТЬ;;+7 (901) 546-60-86;Г. МОСКВА, МОСКОВСКАЯ ОБЛАСТЬ;;
1560;Кирпич в Грибках;1560;"
Шоу-рум и склад ( с возможностью отгрузки розничных заказов)

8-903-700-99-88 WhatsApp / Viber

Режим работы: Пн-Пт: 10:00 — 16:30 Сб-Вс: выходной";text;;text;kirpich-v-gribkakh;500;;kirpich_gribki@mail.ru;М.о., Мытищинский район, д. Грибки, Дмитровское шоссе д.52 А; Г. МОСКВА, МОСКОВСКАЯ ОБЛАСТЬ;www.kirpichhouse.ru;8-903-700-99-88;Г. МОСКВА, МОСКОВСКАЯ ОБЛАСТЬ;;
1561;Кирпичная компания «Брикус»;1561;Многоканальный (звонок по РФ бесплатный);text;;text;kirpichnaya-kompaniya-brikus;500;;info@brickus.ru;; Г. МОСКВА, МОСКОВСКАЯ ОБЛАСТЬ;;8 (800) 505-60-56;Г. МОСКВА, МОСКОВСКАЯ ОБЛАСТЬ;;
1562;ООО «БРИКВОЛ»;1562;Въезд в рынок со стороны церкви посёлка Мосрентген;text;;text;ooo-brikvol;500;;kseromu@mail.ru;Москва, Россия, КАД, 41-й километр, внешняя сторона; Г. МОСКВА, МОСКОВСКАЯ ОБЛАСТЬ;;+7 (926) 700-99-31;Г. МОСКВА, МОСКОВСКАЯ ОБЛАСТЬ;;
1563;Фагот;1563;Тм «ФАГОТ-ЦЕНТР Москва»;text;"График работы
Пн-Сб 9:00-17:00, перерыв: 13:00-14:00
Без выходных.";text;fagot;500;;eir-daniil@yandex.ru;г. Москва, ул. Адмирала Корнилова, 54а, стр.1; Г. МОСКВА, МОСКОВСКАЯ ОБЛАСТЬ;fagot-kirpich.ru кирпич-фагот.рф;+7 (495) 517-56-01;Г. МОСКВА, МОСКОВСКАЯ ОБЛАСТЬ;;
1563;Фагот;1563;Тм «ФАГОТ-ЦЕНТР Москва»;text;"График работы
Пн-Сб 9:00-17:00, перерыв: 13:00-14:00
Без выходных.";text;fagot;500;;eir-daniil@yandex.ru;г. Москва, ул. Адмирала Корнилова, 54а, стр.1; Г. МОСКВА, МОСКОВСКАЯ ОБЛАСТЬ;fagot-kirpich.ru кирпич-фагот.рф;+7 (926) 618-71-18;Г. МОСКВА, МОСКОВСКАЯ ОБЛАСТЬ;;
1564;Кирпич Блоки;1564;Бизнес-Центр 7 ONE;text;"Главный офис
График работы:
08:00 — 18:00";text;kirpich-bloki;500;; info@kirpichbloki.ru;г.Москва, Дмитровское ш. д.71Б; Г. МОСКВА, МОСКОВСКАЯ ОБЛАСТЬ;;+7 (495) 500-9-500;Г. МОСКВА, МОСКОВСКАЯ ОБЛАСТЬ;;
1565;Москва (д. Мамыри);1565;Ориентир — вывеска «КИРПИЧБЛОКИ.РФ»;text;"График работы:
08:00 — 18:00";text;moskva-d-mamyri;500;;info@kirpichbloki.ru;Калужское шоссе, 1-й км; Г. МОСКВА, МОСКОВСКАЯ ОБЛАСТЬ;;;Г. МОСКВА, МОСКОВСКАЯ ОБЛАСТЬ;;
1566;БЦ LoftVille;1566;БЦ LoftVille;text;"График работы:
Пн -Пт 09:00 – 18:00";text;bts-loftville;500;; info@kirpichbloki.ru;Павелецкая набережная 2 стр.1; Г. МОСКВА, МОСКОВСКАЯ ОБЛАСТЬ;;;Г. МОСКВА, МОСКОВСКАЯ ОБЛАСТЬ;;
1567;Бизнес-центр “Альянс” — г. Одинцово;1567;;text;"График работы:
Вторник, четверг 10:00 – 19:00
Воскресенье 10:00 – 14:00";text;biznes-tsentr-alyans-g-odintsovo;500;;info@kirpichbloki.ru;143041, Московская область, г. Одинцово, ул. Молодёжная, д.46, офис 522.; Г. МОСКВА, МОСКОВСКАЯ ОБЛАСТЬ;;;Г. МОСКВА, МОСКОВСКАЯ ОБЛАСТЬ;;
1568;Бизнес-центр «Жулебино»;1568;БЦ «Жулебино»;text;"График работы:
Ежедневно 08:00 — 21:00";text;biznes-tsentr-zhulebino;500;; info@kirpichbloki.ru;109431, г.Москва, ул. Привольная, д. 70, оф. 601.; Г. МОСКВА, МОСКОВСКАЯ ОБЛАСТЬ;;;Г. МОСКВА, МОСКОВСКАЯ ОБЛАСТЬ;;
1569;БЦ «Галерея Актер»;1569;;text;"(5 минут от метро «Жулебино»)
График работы:
08:00 — 21:00";text;bts-galereya-akter;500;; info@kirpichbloki.ru;г.Москва, ул.Тверская 16с1; Г. МОСКВА, МОСКОВСКАЯ ОБЛАСТЬ;;;Г. МОСКВА, МОСКОВСКАЯ ОБЛАСТЬ;;
1570;БЦ «Симонов Плаза»;1570;;text;"г. Москва, м. Автозаводская (на реконструкции)
";text;bts-simonov-plaza;500;;info@keramstroi.ru;г. Москва, ул. Ленинская слобода, д. 26, стр. 5.; Г. МОСКВА, МОСКОВСКАЯ ОБЛАСТЬ;;+7 (495) 125-30-45;Г. МОСКВА, МОСКОВСКАЯ ОБЛАСТЬ;;
1571;ООО «Иринком»;1571;;text;"График работы:
Ежедневно с 09:00 до 21:00";text;ooo-irinkom;500;;info@keramstroi.ru;г. Москва, ул. Электродная, д.12, стр.1, оф. 411; Г. МОСКВА, МОСКОВСКАЯ ОБЛАСТЬ;;+7 (495) 368-85-11;Г. МОСКВА, МОСКОВСКАЯ ОБЛАСТЬ;;
1572;Фортунастрой;1572;Как проехать: 2 минуты пешком от метро Дубровка.;text;"Бурковецкий Родион Иванович
График работы:
Пн — Пт — 09:00 — 20:00
Сб — Вс — Выходной";text;fortunastroy;500;;fortunastroi@bk.ru;Москва, ул. Шарикоподшипниковская 22, подъезд №3, 2 этаж, офис слева; Г. МОСКВА, МОСКОВСКАЯ ОБЛАСТЬ;;+7 (495) 517-98-64;Г. МОСКВА, МОСКОВСКАЯ ОБЛАСТЬ;;
1572;Фортунастрой;1572;Как проехать: 2 минуты пешком от метро Дубровка.;text;"Бурковецкий Родион Иванович
График работы:
Пн — Пт — 09:00 — 20:00
Сб — Вс — Выходной";text;fortunastroy;500;;fortunastroi@bk.ru;Москва, ул. Шарикоподшипниковская 22, подъезд №3, 2 этаж, офис слева; Г. МОСКВА, МОСКОВСКАЯ ОБЛАСТЬ;;+7 (925) 100-33-82;Г. МОСКВА, МОСКОВСКАЯ ОБЛАСТЬ;;
1573;MosKeram — Бизнес-парк «Румянцево»;1573;Офис на Румянцево;text;"График работы:
ПРИЕМ ЗАКАЗОВ — ЕЖЕДНЕВНО с 08:00 до 22:00
ВРЕМЯ РАБОТЫ ОФИСА — Пн — Пт — 10:00 — 19:00";text;moskeram-biznes-park-rumyantsevo;500;;;Москва, Киевское ш. 1км,а. Бизнес-парк «Румянцево» Строение «В» подъезд №15; Г. МОСКВА, МОСКОВСКАЯ ОБЛАСТЬ;;;Г. МОСКВА, МОСКОВСКАЯ ОБЛАСТЬ;;
1574;МЦК Локомотив — Бизнес центр «Дельта»;1574;;text;"Бизнес центр «Дельта»
м. Черкизовская
График работы:
ПРИЕМ ЗАКАЗОВ — ЕЖЕДНЕВНО с 08:00 до 22:00
ВРЕМЯ РАБОТЫ ОФИСА — Пн — Пт — 10:00 — 19:00";text;mtsk-lokomotiv-biznes-tsentr-delta;500;;;Москва, Щелковское ш, д. 2А офис 832 м. Черкизовская; Г. МОСКВА, МОСКОВСКАЯ ОБЛАСТЬ;;;Г. МОСКВА, МОСКОВСКАЯ ОБЛАСТЬ;;
1575;«Строительный двор «Петровский»;1575;;text;;text;stroitelnyy-dvor-petrovskiy;500;;mail@vsebloki.ru;Московская область, Новорижское шоссе (9 км от МКАД) Красногорский район, деревня Михалково (вблизи дер. Глухово и Поздняково и БЦ «RIGA LAND»), участок З-33.; Г. МОСКВА, МОСКОВСКАЯ ОБЛАСТЬ;;+7 (925) 506-33-44;Г. МОСКВА, МОСКОВСКАЯ ОБЛАСТЬ;;
1576;Поставщик-М;1576;;text;"График работы:
09:00 до 18:00";text;postavshchik-m;500;;sale@postav-m.ru;г. Москва. Поселение Московский , Киевсоке шоссе ,22-й километр , владение 4 , блок б, Этаж , офис 8; Г. МОСКВА, МОСКОВСКАЯ ОБЛАСТЬ;;+7 (499) 113-56-94;Г. МОСКВА, МОСКОВСКАЯ ОБЛАСТЬ;;
1577;Торг Комплект ;1577;;text;;text;torg-komplekt-;500;;sale@postav-m.ru;г. Москва. Научный проезд д.10 (юго-запад) м.Калужская; Г. МОСКВА, МОСКОВСКАЯ ОБЛАСТЬ;;+7 (495) 505-50-68;Г. МОСКВА, МОСКОВСКАЯ ОБЛАСТЬ;;
1578;Торг Комплект ;1578;;text;;text;torg-komplekt-2;500;;sale@postav-m.ru;г.Москва, ул.Большая почтовая д.55/59 (центр) м.Электрозаводская; Г. МОСКВА, МОСКОВСКАЯ ОБЛАСТЬ;;+7 (495) 669-40-64;Г. МОСКВА, МОСКОВСКАЯ ОБЛАСТЬ;;
1579;Garden Slabs;1579;;text;;text;garden-slabs;500;;zakaz@gardenslabs.ru;Московская обл., городской округ Истра, пос. Октябрьской фабрики, 26; Г. МОСКВА, МОСКОВСКАЯ ОБЛАСТЬ;gardenslabs.ru;+7 (977) 803-66-88;Г. МОСКВА, МОСКОВСКАЯ ОБЛАСТЬ;;
1579;Garden Slabs;1579;;text;;text;garden-slabs;500;;zakaz@gardenslabs.ru;Московская обл., городской округ Истра, пос. Октябрьской фабрики, 26; Г. МОСКВА, МОСКОВСКАЯ ОБЛАСТЬ;gardenslabs.ru;+7 (969) 040-10-40;Г. МОСКВА, МОСКОВСКАЯ ОБЛАСТЬ;;
1580;ООО «Олторг»;1580;;text;координаты для навигатора: 55.929370, 36.627703;text;ooo-oltorg;500;;info@oltorg.ru;Московская область, городской округ Истра, село Лужки; Г. МОСКВА, МОСКОВСКАЯ ОБЛАСТЬ;https://oltorg.ru https://litos.moscow/ https://litos.com.ru/;+79776962877;Г. МОСКВА, МОСКОВСКАЯ ОБЛАСТЬ;;
1580;ООО «Олторг»;1580;;text;координаты для навигатора: 55.929370, 36.627703;text;ooo-oltorg;500;;info@oltorg.ru;Московская область, городской округ Истра, село Лужки; Г. МОСКВА, МОСКОВСКАЯ ОБЛАСТЬ;https://oltorg.ru https://litos.moscow/ https://litos.com.ru/;+79591300551;Г. МОСКВА, МОСКОВСКАЯ ОБЛАСТЬ;;
1581;«Культ Кирпича»;1581;;text;"Директор: Щипакин М.С.
Наш инстаграмм: https://www.instagram.com/kirpichb.ru/";text;kult-kirpicha2;500;;;г. Ростов-на-Дону Новочеркасское шоссе 15, рынок Атлант;Г. РОСТОВ-НА-ДОНУ, РОСТОВСКАЯ ОБЛАСТЬ;https://kult-kirpicha.ru;8 (988) 544-37-51;Г. РОСТОВ-НА-ДОНУ, РОСТОВСКАЯ ОБЛАСТЬ;;
1581;«Культ Кирпича»;1581;;text;"Директор: Щипакин М.С.
Наш инстаграмм: https://www.instagram.com/kirpichb.ru/";text;kult-kirpicha2;500;;;г. Ростов-на-Дону Новочеркасское шоссе 15, рынок Атлант;Г. РОСТОВ-НА-ДОНУ, РОСТОВСКАЯ ОБЛАСТЬ;https://kult-kirpicha.ru;8 (988) 569-13-99;Г. РОСТОВ-НА-ДОНУ, РОСТОВСКАЯ ОБЛАСТЬ;;
1581;«Культ Кирпича»;1581;;text;"Директор: Щипакин М.С.
Наш инстаграмм: https://www.instagram.com/kirpichb.ru/";text;kult-kirpicha2;500;;;г. Ростов-на-Дону Новочеркасское шоссе 15, рынок Атлант;Г. РОСТОВ-НА-ДОНУ, РОСТОВСКАЯ ОБЛАСТЬ;https://kult-kirpicha.ru;8 (900) 123-43-43;Г. РОСТОВ-НА-ДОНУ, РОСТОВСКАЯ ОБЛАСТЬ;;
1582;«Культ Кирпича»;1582;;text;"Директор: Щипакин М.С.
Наш инстаграмм: https://www.instagram.com/kirpichb.ru/";text;kult-kirpicha3;500;;;Хутор Камышеваха, ул. Светлая 36;Г. РОСТОВ-НА-ДОНУ, РОСТОВСКАЯ ОБЛАСТЬ;https://kult-kirpicha.ru; 8 (989) 616-15-17;Г. РОСТОВ-НА-ДОНУ, РОСТОВСКАЯ ОБЛАСТЬ;;
1582;«Культ Кирпича»;1582;;text;"Директор: Щипакин М.С.
Наш инстаграмм: https://www.instagram.com/kirpichb.ru/";text;kult-kirpicha3;500;;;Хутор Камышеваха, ул. Светлая 36;Г. РОСТОВ-НА-ДОНУ, РОСТОВСКАЯ ОБЛАСТЬ;https://kult-kirpicha.ru;8 (904) 440-22-62;Г. РОСТОВ-НА-ДОНУ, РОСТОВСКАЯ ОБЛАСТЬ;;
1582;«Культ Кирпича»;1582;;text;"Директор: Щипакин М.С.
Наш инстаграмм: https://www.instagram.com/kirpichb.ru/";text;kult-kirpicha3;500;;;Хутор Камышеваха, ул. Светлая 36;Г. РОСТОВ-НА-ДОНУ, РОСТОВСКАЯ ОБЛАСТЬ;https://kult-kirpicha.ru;8 (900) 123-43-43;Г. РОСТОВ-НА-ДОНУ, РОСТОВСКАЯ ОБЛАСТЬ;;
1583;«ГАЗОБЕТОН-ЮГСТРОЙ Газобетон строй»;1583;строймаркет КРАСОН;text;;text;gazobeton-yugstroy-gazobeton-stroy;500;;shop@crason.ru;г. Ростов-н-Дону, Малиновского 77;Г. РОСТОВ-НА-ДОНУ, РОСТОВСКАЯ ОБЛАСТЬ;;8 (918) 514-30-60;Г. РОСТОВ-НА-ДОНУ, РОСТОВСКАЯ ОБЛАСТЬ;;
1584;«ГАЗОБЕТОН-ЮГСТРОЙ Газобетон строй»;1584;строймаркет КРАСОН;text;;text;gazobeton-yugstroy-gazobeton-stroy2;500;;shop@crason.ru;г. Аксай, ул.Объездная 10;Г. РОСТОВ-НА-ДОНУ, РОСТОВСКАЯ ОБЛАСТЬ;;Тел. 8 (989) 729-29-41;Г. РОСТОВ-НА-ДОНУ, РОСТОВСКАЯ ОБЛАСТЬ;;
1585;«ГАЗОБЕТОН-ЮГСТРОЙ Газобетон строй»;1585;строймаркет КРАСОН;text;;text;gazobeton-yugstroy-gazobeton-stroy3;500;;shop@crason.ru;г. Аксай, ул. Шолохова 1;Г. РОСТОВ-НА-ДОНУ, РОСТОВСКАЯ ОБЛАСТЬ;; 8 (918) 558-84-45;Г. РОСТОВ-НА-ДОНУ, РОСТОВСКАЯ ОБЛАСТЬ;;
1586;«ГАЗОБЕТОН-ЮГСТРОЙ Газобетон строй»;1586;строймаркет КРАСОН;text;;text;gazobeton-yugstroy-gazobeton-stroy4;500;;shop@crason.ru;г. Батайск, ул.Фермерская 21;Г. РОСТОВ-НА-ДОНУ, РОСТОВСКАЯ ОБЛАСТЬ;;8 (988) 890-99-11;Г. РОСТОВ-НА-ДОНУ, РОСТОВСКАЯ ОБЛАСТЬ;;
1587;«ГАЗОБЕТОН-ЮГСТРОЙ Газобетон строй»;1587;строймаркет КРАСОН;text;;text;gazobeton-yugstroy-gazobeton-stroy5;500;;shop@crason.ru;г. Новочеркасск, Новочеркасское шоссе 1В;Г. РОСТОВ-НА-ДОНУ, РОСТОВСКАЯ ОБЛАСТЬ;;8 (918) 520-20-84;Г. РОСТОВ-НА-ДОНУ, РОСТОВСКАЯ ОБЛАСТЬ;;
1588;«ГАЗОБЕТОН-ЮГСТРОЙ Газобетон строй»;1588;строймаркет КРАСОН;text;;text;gazobeton-yugstroy-gazobeton-stroy6;500;;shop@crason.ru;г. Новочеркасск, Харьковское шоссе 30Г;Г. РОСТОВ-НА-ДОНУ, РОСТОВСКАЯ ОБЛАСТЬ;;8 (918) 520-23-06;Г. РОСТОВ-НА-ДОНУ, РОСТОВСКАЯ ОБЛАСТЬ;;
1589;Кирпич от А до Я;1589;;text;Валерий Валентинович;text;kirpich-ot-a-do-ya;500;;;г. Ростов-на-Дону, ул. Малиновского, 73;Г. РОСТОВ-НА-ДОНУ, РОСТОВСКАЯ ОБЛАСТЬ;; 8 928 159 20 86;Г. РОСТОВ-НА-ДОНУ, РОСТОВСКАЯ ОБЛАСТЬ;;
1590;Строймаркет КРАСОН;1590;;text;;text;stroymarket-krason;500;;shop@crason.ru;г.Аксай, ул.Объездная, 10;Г. РОСТОВ-НА-ДОНУ, РОСТОВСКАЯ ОБЛАСТЬ;;8 989 729 29 41;Г. РОСТОВ-НА-ДОНУ, РОСТОВСКАЯ ОБЛАСТЬ;;
1591;«Кирпич & Ko»;1591;;text;;text;kirpich-ko;500;;bt.baza@mail.ru;г. Батайск, ул. Фермерская, 4А;Г. РОСТОВ-НА-ДОНУ, РОСТОВСКАЯ ОБЛАСТЬ;;8 (863) 310-16-15;Г. РОСТОВ-НА-ДОНУ, РОСТОВСКАЯ ОБЛАСТЬ;;
1592;OOO ГазобетонЮгСтрой;1592;;text;;text;ooo-gazobetonyugstroy;500;; bataysk@rostovgazobeton.ru;г. Батайск, ул. Фермерская 12;Г. РОСТОВ-НА-ДОНУ, РОСТОВСКАЯ ОБЛАСТЬ;;89185593321;Г. РОСТОВ-НА-ДОНУ, РОСТОВСКАЯ ОБЛАСТЬ;;
1593; ИП Ильянов И.А.;1593;(ТМ «СтройДвор»);text;;text;ip-ilyanov-i-a;500;;dnechaev@bk.ru;г. Таганрог, ул. Чехова, 207;Г. РОСТОВ-НА-ДОНУ, РОСТОВСКАЯ ОБЛАСТЬ;;8 (918) 559 33 21 ‎;Г. РОСТОВ-НА-ДОНУ, РОСТОВСКАЯ ОБЛАСТЬ;;
1594;«Кирпич & Ko»;1594;;text;;text;kirpich-ko2;500;;ch.baza@mail.ru;п. Крым (Чалтырь), Большесальская улица, 69А;Г. РОСТОВ-НА-ДОНУ, РОСТОВСКАЯ ОБЛАСТЬ;;8 (863) 310-16-17;Г. РОСТОВ-НА-ДОНУ, РОСТОВСКАЯ ОБЛАСТЬ;;
1595;«Кирпич & Ko»;1595;;text;;text;kirpich-ko3;500;;tm@kirpich-ko.ru;пос. Темерницкий, ул. Ореховая 2;Г. РОСТОВ-НА-ДОНУ, РОСТОВСКАЯ ОБЛАСТЬ;;8 (863) 310-96-56;Г. РОСТОВ-НА-ДОНУ, РОСТОВСКАЯ ОБЛАСТЬ;;
1596;ИП Кохно А.А.;1596;;text;;text;ip-kokhno-a-a;500;;andrei.stroi76@mail.ru;г. Новочеркасск, ул. Набережная, 31;Г. РОСТОВ-НА-ДОНУ, РОСТОВСКАЯ ОБЛАСТЬ;;8 (928) 628 52 22;Г. РОСТОВ-НА-ДОНУ, РОСТОВСКАЯ ОБЛАСТЬ;;
1597;ИП Руднева С.В.;1597;(Стройрынок «Бобер»);text;;text;ip-rudneva-s-v;500;;boberazov@gmail.com;г. Азов, Кагальницкое шоссе, 1;Г. РОСТОВ-НА-ДОНУ, РОСТОВСКАЯ ОБЛАСТЬ;;8 (908) 500-79-96;Г. РОСТОВ-НА-ДОНУ, РОСТОВСКАЯ ОБЛАСТЬ;;
1598;ИП Мошлаков А;1598;;text;;text;ip-moshlakov-a;500;;stroydom.rnd@mail.ru;г. Азов , ул. Кооперативная, 12;Г. РОСТОВ-НА-ДОНУ, РОСТОВСКАЯ ОБЛАСТЬ;;8 928 905 31 70;Г. РОСТОВ-НА-ДОНУ, РОСТОВСКАЯ ОБЛАСТЬ;;
1599; ИП Мацко О;1599;;text;;text;ip-matsko-o;500;;matskooleg@mail.ru;г. Азов , ул. Кооперативная, 4;Г. РОСТОВ-НА-ДОНУ, РОСТОВСКАЯ ОБЛАСТЬ;;8 928 161 88 33;Г. РОСТОВ-НА-ДОНУ, РОСТОВСКАЯ ОБЛАСТЬ;;
1600;ИП Григоренко С.И.;1600;;text;;text;ip-grigorenko-s-i;500;;vera22_11@mail.ru;г. Сальск , Ул. Кирова, 75;Г. РОСТОВ-НА-ДОНУ, РОСТОВСКАЯ ОБЛАСТЬ;;8 (928) 905 71 54;Г. РОСТОВ-НА-ДОНУ, РОСТОВСКАЯ ОБЛАСТЬ;;
1601;ИП Калюжная;1601;;text;;text;ip-kalyuzhnaya;500;;kalyuzhnaya_dashulya@mail.ru;г. Каменск-Шахтинский, 4я Линия, 2;Г. РОСТОВ-НА-ДОНУ, РОСТОВСКАЯ ОБЛАСТЬ;;8 938 126 72 14;Г. РОСТОВ-НА-ДОНУ, РОСТОВСКАЯ ОБЛАСТЬ;;
1602;КИРПИЧСЕРВИС;1602;*официальный дистрибьютор;text;;text;kirpichservis;500;;;"г. Белгород, ул. К.Заслонова, д.183; п. Разумное, ул. Школьная, д.76";Г. БЕЛГОРОД, БЕЛГОРОДСКАЯ ОБЛАСТЬ;кирпичсервис.рф;7 (4722) 365020;Г. БЕЛГОРОД, БЕЛГОРОДСКАЯ ОБЛАСТЬ;;
1602;КИРПИЧСЕРВИС;1602;*официальный дистрибьютор;text;;text;kirpichservis;500;;;"г. Белгород, ул. К.Заслонова, д.183; п. Разумное, ул. Школьная, д.76";Г. БЕЛГОРОД, БЕЛГОРОДСКАЯ ОБЛАСТЬ;кирпичсервис.рф;+7 (960) 6210601;Г. БЕЛГОРОД, БЕЛГОРОДСКАЯ ОБЛАСТЬ;;
1602;КИРПИЧСЕРВИС;1602;*официальный дистрибьютор;text;;text;kirpichservis;500;;;"г. Белгород, ул. К.Заслонова, д.183; п. Разумное, ул. Школьная, д.76";Г. БЕЛГОРОД, БЕЛГОРОДСКАЯ ОБЛАСТЬ;кирпичсервис.рф;+7 (910) 7415020;Г. БЕЛГОРОД, БЕЛГОРОДСКАЯ ОБЛАСТЬ;;
1603;Компания Белопт ;1603;;text;;text;kompaniya-belopt-;500;;serzh_afanasev_93@mail.ru;г. Белгород, ул. Корочанская 132 д;Г. БЕЛГОРОД, БЕЛГОРОДСКАЯ ОБЛАСТЬ;;8 910 223 40 83;Г. БЕЛГОРОД, БЕЛГОРОДСКАЯ ОБЛАСТЬ;;
1604;Азбука Дома;1604;;text;;text;azbuka-doma;500;;;г. Белгород, ул. Луговая, 6А;Г. БЕЛГОРОД, БЕЛГОРОДСКАЯ ОБЛАСТЬ;;8 910 369 57 79;Г. БЕЛГОРОД, БЕЛГОРОДСКАЯ ОБЛАСТЬ;;
1605;Строительный Альянс;1605;;text;;text;stroitelnyy-alyans;500;;415225@bk.ru;г. Белгород, ул. Макаренко, д. 29а;Г. БЕЛГОРОД, БЕЛГОРОДСКАЯ ОБЛАСТЬ;;8 910 741 52 25;Г. БЕЛГОРОД, БЕЛГОРОДСКАЯ ОБЛАСТЬ;;
1606;«СК «БелТрейд»;1606;;text;"г.Белгород, переулок Харьковский, д.36д, пом.5
Склад: г.Белгород, ул. К.Заслонова,183";text;sk-beltreyd;500;;;г. Белгород, ул. К.Заслонова,183;Г. БЕЛГОРОД, БЕЛГОРОДСКАЯ ОБЛАСТЬ;;(4722)366-110;Г. БЕЛГОРОД, БЕЛГОРОДСКАЯ ОБЛАСТЬ;;
1606;«СК «БелТрейд»;1606;;text;"г.Белгород, переулок Харьковский, д.36д, пом.5
Склад: г.Белгород, ул. К.Заслонова,183";text;sk-beltreyd;500;;;г. Белгород, ул. К.Заслонова,183;Г. БЕЛГОРОД, БЕЛГОРОДСКАЯ ОБЛАСТЬ;;8-919-430-5614;Г. БЕЛГОРОД, БЕЛГОРОДСКАЯ ОБЛАСТЬ;;
1606;«СК «БелТрейд»;1606;;text;"г.Белгород, переулок Харьковский, д.36д, пом.5
Склад: г.Белгород, ул. К.Заслонова,183";text;sk-beltreyd;500;;;г. Белгород, ул. К.Заслонова,183;Г. БЕЛГОРОД, БЕЛГОРОДСКАЯ ОБЛАСТЬ;;8-919-227-9929;Г. БЕЛГОРОД, БЕЛГОРОДСКАЯ ОБЛАСТЬ;;
1607;ИП Спицина Г. Х;1607;*Официальный дистрибьютор в Екатеринбурге;text;;text;ip-spitsina-g-kh;500;;Spizind@ya.ru;г. Екатеринбург, ул Аппаратная 7;Г. ЕКАТЕРИНБУРГ;;89002104757;Г. ЕКАТЕРИНБУРГ;;
1607;ИП Спицина Г. Х;1607;*Официальный дистрибьютор в Екатеринбурге;text;;text;ip-spitsina-g-kh;500;;Spizind@ya.ru;г. Екатеринбург, ул Аппаратная 7;Г. ЕКАТЕРИНБУРГ;;89126828287;Г. ЕКАТЕРИНБУРГ;;
1607;ИП Спицина Г. Х;1607;*Официальный дистрибьютор в Екатеринбурге;text;;text;ip-spitsina-g-kh;500;;Spizind@ya.ru;г. Екатеринбург, ул Аппаратная 7;Г. ЕКАТЕРИНБУРГ;;89122686666;Г. ЕКАТЕРИНБУРГ;;
1608;УЗКМ — Уральский завод кровельных материалов;1608;;text;;text;uzkm-uralskiy-zavod-krovelnykh-materialov;500;;;г. Екатеринбург, ул Монтажников, 24 а;Г. ЕКАТЕРИНБУРГ;;8 (343) 287 98 98;Г. ЕКАТЕРИНБУРГ;;
1609;Сайдинг Маркет;1609;ИП Подьячев А.В.;text;;text;sayding-market;500;;;г. Екатеринбург, ул. Бахчиванжи 2, рыночный комплекс Докер. Павильон 2/40;Г. ЕКАТЕРИНБУРГ;;8 (343) З78 65 28;Г. ЕКАТЕРИНБУРГ;;
1610;Строительный рынок Муравей;1610;;text;;text;stroitelnyy-rynok-muravey;500;;;Свердловская обл., Белоярский район, п.Прохладный ул. Мира 2;Г. ЕКАТЕРИНБУРГ;;8 (900) 201 22 56;Г. ЕКАТЕРИНБУРГ;;
1611;ИП Джумагалиева И.М.;1611;;text;;text;ip-dzhumagalieva-i-m;500;;;г. Астрахань, пос. Пригородный, Николаевское шоссе, 1Г;Г. АСТРАХАНЬ;Кирпич30.рф;8 (927) 282-19-95;Г. АСТРАХАНЬ;;
1612;«КИРПИЧЫЙ ДВОРИК»;1612;;text;;text;kirpichyy-dvorik;500;;;г. Астрахань, С.Перовской 186 / Запрудная 2;Г. АСТРАХАНЬ;;8 (8512) 42-28-28;Г. АСТРАХАНЬ;;
1613;Склад кирпича Авангард;1613;;text;;text;sklad-kirpicha-avangard;500;;;г. Астрахань, Юго-Восточный проезд, 5/1;Г. АСТРАХАНЬ;http://avanbrick.ru;+7-917-084-51-69;Г. АСТРАХАНЬ;;
1613;Склад кирпича Авангард;1613;;text;;text;sklad-kirpicha-avangard;500;;;г. Астрахань, Юго-Восточный проезд, 5/1;Г. АСТРАХАНЬ;http://avanbrick.ru;+7 (8512) 75-77-55;Г. АСТРАХАНЬ;;
1614;ОО ПКФ «Торгстройснаб»;1614;;text;;text;oo-pkf-torgstroysnab;500;;torgstroysnab@yandex.ru;"г. Астрахань, 1-й проезд Рождественского, стр. 1А — 413 офис; 4 этаж";Г. АСТРАХАНЬ;http://www.torgstroysnab.ru;+7 (8512) 501-501;Г. АСТРАХАНЬ;;
1614;ОО ПКФ «Торгстройснаб»;1614;;text;;text;oo-pkf-torgstroysnab;500;;torgstroysnab@yandex.ru;"г. Астрахань, 1-й проезд Рождественского, стр. 1А — 413 офис; 4 этаж";Г. АСТРАХАНЬ;http://www.torgstroysnab.ru;+7 (8512) 48-28-14;Г. АСТРАХАНЬ;;
1614;ОО ПКФ «Торгстройснаб»;1614;;text;;text;oo-pkf-torgstroysnab;500;;torgstroysnab@yandex.ru;"г. Астрахань, 1-й проезд Рождественского, стр. 1А — 413 офис; 4 этаж";Г. АСТРАХАНЬ;http://www.torgstroysnab.ru;+7 (8512) 48-28-12;Г. АСТРАХАНЬ;;
1614;ОО ПКФ «Торгстройснаб»;1614;;text;;text;oo-pkf-torgstroysnab;500;;torgstroysnab@yandex.ru;"г. Астрахань, 1-й проезд Рождественского, стр. 1А — 413 офис; 4 этаж";Г. АСТРАХАНЬ;http://www.torgstroysnab.ru;8 927 07 07 078;Г. АСТРАХАНЬ;;
1615;«КИРПИЧЫЙ ДВОРИК»;1615;;text;;text;kirpichyy-dvorik2;500;;;Астраханская область, с. Началово ул. Килинчинская, 12А;Г. АСТРАХАНЬ;;8 (8512) 41-28-28;Г. АСТРАХАНЬ;;
1616;«КИРПИЧЫЙ ДВОРИК»;1616;;text;;text;kirpichyy-dvorik3;500;;;Астраханская область, с. Солянка, около АЗС «Лукойл»;Г. АСТРАХАНЬ;;8 (8512) 41-18-18;Г. АСТРАХАНЬ;;
1617;Строй База Север;1617;;text;;text;stroy-baza-sever;500;;elmaksgroup1@yandex.ru;г. Воронеж, ул. Антонова-Овсеенко, 28;Г. ВОРОНЕЖ;;8 951 555 09 45;Г. ВОРОНЕЖ;;
1618;ГК Вертикаль;1618;;text;;text;gk-vertikal;500;;21878@bk.ru;г. Воронеж, ул. Антонова-Овсеенко, 35У;Г. ВОРОНЕЖ;;8 919 244 44 88;Г. ВОРОНЕЖ;;
1619;ООО «Группа Вертикаль»;1619;;text;;text;ooo-gruppa-vertikal;500;;;г. Воронеж, ул. Антонова-Овсеенко, 35У;Г. ВОРОНЕЖ;;+7 (473) 275-70-70;Г. ВОРОНЕЖ;;
1619;ООО «Группа Вертикаль»;1619;;text;;text;ooo-gruppa-vertikal;500;;;г. Воронеж, ул. Антонова-Овсеенко, 35У;Г. ВОРОНЕЖ;;8 (910) 749-70-70;Г. ВОРОНЕЖ;;
1620;База;1620;;text;;text;baza;500;;;г. Воронеж, ул. Остужева, 45В;Г. ВОРОНЕЖ;;+7 (473) 232-03-22;Г. ВОРОНЕЖ;;
1620;База;1620;;text;;text;baza;500;;;г. Воронеж, ул. Остужева, 45В;Г. ВОРОНЕЖ;;8 (910) 732-03-22;Г. ВОРОНЕЖ;;
1621;ООО «ТК СТРОЙТЕМП»;1621;;text;;text;ooo-tk-stroytemp;500;;;г. Волгоград, ул. 25-лет Октября 1-5;Г. ВОЛГОГРАД;;+7 996 483 43 96;Г. ВОЛГОГРАД;;
1622;ООО «ТК СТРОЙТЕМП»;1622;;text;;text;ooo-tk-stroytemp2;500;;;г. Волгоград, ул. Электролесовская, д. 1а;Г. ВОЛГОГРАД;;+7 (902) 094 44 43;Г. ВОЛГОГРАД;;
1622;ООО «ТК СТРОЙТЕМП»;1622;;text;;text;ooo-tk-stroytemp2;500;;;г. Волгоград, ул. Электролесовская, д. 1а;Г. ВОЛГОГРАД;;+7 (8442) 20 15 26;Г. ВОЛГОГРАД;;
1623;ИП Овечкин;1623;;text;;text;ip-ovechkin;500;;p.ovechkin777@yandex.ru;г. Волгоград, ул. Электролесовская, 1Д;Г. ВОЛГОГРАД;;8 927 525 18 63;Г. ВОЛГОГРАД;;
1624;ООО «Группа Вертикаль»;1624;Представительство в Липецке;text;;text;ooo-gruppa-vertikal2;500;;;Липецкая обл., село Cырское, ул. Северная, 24а;Г. ЛИПЕЦК, ЛИПЕЦКАЯ ОБЛАСТЬ;;+7 (4742) 39-99-98;Г. ЛИПЕЦК, ЛИПЕЦКАЯ ОБЛАСТЬ;;
1624;ООО «Группа Вертикаль»;1624;Представительство в Липецке;text;;text;ooo-gruppa-vertikal2;500;;;Липецкая обл., село Cырское, ул. Северная, 24а;Г. ЛИПЕЦК, ЛИПЕЦКАЯ ОБЛАСТЬ;;+7 (910) 742-99-98;Г. ЛИПЕЦК, ЛИПЕЦКАЯ ОБЛАСТЬ;;
1625;ПОСТАВЩИК-М Брянск;1625;;text;;text;postavshchik-m-bryansk;500;;;г. Брянск 2-я ул. Ломоносова , 47, Брянск (Этаж 3); Г. МОСКВА, МОСКОВСКАЯ ОБЛАСТЬ;;+7 (4832) 62-96-25;Г. БРЯНСК;;
1626;Центр строительных решений ;1626;;text;;text;tsentr-stroitelnykh-resheniy-;500;;;г. Калуга, ул. Суворова, 118;Г. КАЛУГА;;8 (800) 550-44-26;Г. КАЛУГА;;
1626;Центр строительных решений ;1626;;text;;text;tsentr-stroitelnykh-resheniy-;500;;;г. Калуга, ул. Суворова, 118;Г. КАЛУГА;;8 (4842) 75-10-69;Г. КАЛУГА;;
1627;Компания КирпичСтройМаркет;1627;Шоу-рум;text;;text;kompaniya-kirpichstroymarket;500;;;г .Казань, ул. Хороводная, д. 50;РЕСПУБЛИКА ТАТАРСТАН;;8 906 114 38 38;РЕСПУБЛИКА ТАТАРСТАН;;
1628;Кирпичный Двор;1628;;text;;text;kirpichnyy-dvor;500;;k.dvor73@yandex.ru;г. Ульяновск, ул. Юности, 5;Г. УЛЬЯНОВСК;;8 927 270 52 02;Г. УЛЬЯНОВСК;;
1629;Кирпичный Двор;1629; (склад,офис);text;;text;kirpichnyy-dvor2;500;;k.dvor73@yandex.ru;г. Ульяновск, 18-й проезд Инженерный д.6;Г. УЛЬЯНОВСК;;+7 (8422) 79 08 01;Г. УЛЬЯНОВСК;;
1630;Кирпичный Двор;1630;(склад);text;;text;kirpichnyy-dvor3;500;;k.dvor73@yandex.ru;г. Ульяновск, Московское Шоссе, 5Ж;Г. УЛЬЯНОВСК;;+7 (8422) 72 48 78;Г. УЛЬЯНОВСК;;
1631;Кирпичный Двор;1631;(офис);text;;text;kirpichnyy-dvor4;500;;k.dvor73@yandex.ru;г. Ульяновск, :ул. Юности 5, офис 102;Г. УЛЬЯНОВСК;;+7 (8422) 58 43 25;Г. УЛЬЯНОВСК;;
1632;Кирпичный Двор;1632; (склад);text;;text;kirpichnyy-dvor6;500;;k.dvor73@yandex.ru;г. Ульяновск, ул. Апполона Сысцова 14 А;Г. УЛЬЯНОВСК;;+7 (967) 771 82 67;Г. УЛЬЯНОВСК;;
1633;ИП САХНОВА Е. А.;1633;;text;;text;ip-sakhnova-e-a;500;;Maxsnab2020@mail.ru;г. Краснодар, ул. Силантьева 80/1, 2 этаж, офис 18;Г. КРАСНОДАР, КРАСНОДАРСКИЙ КРАЙ;;+7 (861) 258-83-36;Г. КРАСНОДАР, КРАСНОДАРСКИЙ КРАЙ;;
1634;ООО БРИКМЕН;1634;"Официальный дистрибьютор по Краснодарскому краю и г. Краснодар
Шоу-рум (офис продаж и склад)";text;;text;ooo-brikmen;500;;;+7 (861)-202-62-63;Г. КРАСНОДАР, КРАСНОДАРСКИЙ КРАЙ;;;Г. КРАСНОДАР, КРАСНОДАРСКИЙ КРАЙ;;
1635;ТБ «Молоток»;1635;;text;;text;tb-molotok;500;;;г. Краснодар, ул. Ростовское Шоссе 23/1;Г. КРАСНОДАР, КРАСНОДАРСКИЙ КРАЙ;;+7 (918) 221-20-02,;Г. КРАСНОДАР, КРАСНОДАРСКИЙ КРАЙ;;
1635;ТБ «Молоток»;1635;;text;;text;tb-molotok;500;;;г. Краснодар, ул. Ростовское Шоссе 23/1;Г. КРАСНОДАР, КРАСНОДАРСКИЙ КРАЙ;;+7 (918) 223-20-02;Г. КРАСНОДАР, КРАСНОДАРСКИЙ КРАЙ;;
1635;ТБ «Молоток»;1635;;text;;text;tb-molotok;500;;;г. Краснодар, ул. Ростовское Шоссе 23/1;Г. КРАСНОДАР, КРАСНОДАРСКИЙ КРАЙ;;+7 (861) 224-37-11;Г. КРАСНОДАР, КРАСНОДАРСКИЙ КРАЙ;;
1636;ТБ «Лакшери»;1636;;text;;text;tb-laksheri;500;;;г. Краснодар, ул. Зиповская, 5;Г. КРАСНОДАР, КРАСНОДАРСКИЙ КРАЙ;;;Г. КРАСНОДАР, КРАСНОДАРСКИЙ КРАЙ;;
1637;ИП Алексенко А.И.;1637;;text;;text;ip-aleksenko-a-i;500;;aleksenko23@mail.ru;г. Краснодар, ул. 302 Дивизии 8а;Г. КРАСНОДАР, КРАСНОДАРСКИЙ КРАЙ;;8 918 477 42 01;Г. КРАСНОДАР, КРАСНОДАРСКИЙ КРАЙ;;
1638;Кирпичный Двор «УСТА»;1638;;text;;text;kirpichnyy-dvor-usta;500;;;г. Тимашевск , ул Тургенева, 34;Г. КРАСНОДАР, КРАСНОДАРСКИЙ КРАЙ;;8 (918) 448 87 99;Г. КРАСНОДАР, КРАСНОДАРСКИЙ КРАЙ;;
1639;ИП Авакян Х.В. (ТК «Молоток»);1639;;text;;text;ip-avakyan-kh-v-tk-molotok-;500;;molotok23torg@mail.ru;г. Краснодар, Ростовское шоссе, 23/1;Г. КРАСНОДАР, КРАСНОДАРСКИЙ КРАЙ;; 8 918 451 23 40;Г. КРАСНОДАР, КРАСНОДАРСКИЙ КРАЙ;;
1640;ООО «ПИТЕРОВ КРД»;1640;Шоу — рум, точка продажи.;text;;text;ooo-piterov-krd;500;;piterov.krd@mail.ru;Краснодар, улица Красных Партизан, 471;Г. КРАСНОДАР, КРАСНОДАРСКИЙ КРАЙ;;8 (918) 415 42 22;Г. КРАСНОДАР, КРАСНОДАРСКИЙ КРАЙ;;
1641;ИП Геворкян Б.С.;1641;;text;;text;ip-gevorkyan-b-s;500;;azat8910@mail.ru;г. Тимашевск , ул. Красная 228;Г. КРАСНОДАР, КРАСНОДАРСКИЙ КРАЙ;;8 918 448 87 99;Г. КРАСНОДАР, КРАСНОДАРСКИЙ КРАЙ;;
1642;ИП Акопян С.М;1642;(Строительный двор «Уста»);text;;text;ip-akopyan-s-m;500;;;г. Славянск-на-Кубани, ул. Маевское ш., 10/1;Г. КРАСНОДАР, КРАСНОДАРСКИЙ КРАЙ;;8 918 444 83 24;Г. КРАСНОДАР, КРАСНОДАРСКИЙ КРАЙ;;
1642;ИП Акопян С.М;1642;(Строительный двор «Уста»);text;;text;ip-akopyan-s-m;500;;;г. Славянск-на-Кубани, ул. Маевское ш., 10/1;Г. КРАСНОДАР, КРАСНОДАРСКИЙ КРАЙ;;asamvelm@mail.ru;Г. КРАСНОДАР, КРАСНОДАРСКИЙ КРАЙ;;
1643;ИП Филончук С.;1643;;text;;text;ip-filonchuk-s;500;;89898080099@mail.ru;г. Ейск, ул. Армавирская, 210;Г. КРАСНОДАР, КРАСНОДАРСКИЙ КРАЙ;;8 989 293 25 39;Г. КРАСНОДАР, КРАСНОДАРСКИЙ КРАЙ;;
1644;ИП Новиков Д.В. (ТМ «Кирпичный Базар»);1644;;text;;text;ip-novikov-d-v-tm-kirpichnyy-bazar-;500;;ya.denis.novikov@yandex.ru;г. Ейск, ул. Шорса, 53/5;Г. КРАСНОДАР, КРАСНОДАРСКИЙ КРАЙ;;89086908651;Г. КРАСНОДАР, КРАСНОДАРСКИЙ КРАЙ;;
1644;ИП Новиков Д.В. (ТМ «Кирпичный Базар»);1644;;text;;text;ip-novikov-d-v-tm-kirpichnyy-bazar-;500;;ya.denis.novikov@yandex.ru;г. Ейск, ул. Шорса, 53/5;Г. КРАСНОДАР, КРАСНОДАРСКИЙ КРАЙ;;89183309313;Г. КРАСНОДАР, КРАСНОДАРСКИЙ КРАЙ;;
1645;ИП Новиков Д.В. (ТМ «Кирпичный Базар»);1645;;text;;text;ip-novikov-d-v-tm-kirpichnyy-bazar-2;500;;ya.denis.novikov@yandex.ru;г. Ейск, Мичурина 20/3;Г. КРАСНОДАР, КРАСНОДАРСКИЙ КРАЙ;;89086908651;Г. КРАСНОДАР, КРАСНОДАРСКИЙ КРАЙ;;
1645;ИП Новиков Д.В. (ТМ «Кирпичный Базар»);1645;;text;;text;ip-novikov-d-v-tm-kirpichnyy-bazar-2;500;;ya.denis.novikov@yandex.ru;г. Ейск, Мичурина 20/3;Г. КРАСНОДАР, КРАСНОДАРСКИЙ КРАЙ;;89183309313;Г. КРАСНОДАР, КРАСНОДАРСКИЙ КРАЙ;;
1646;ИП Ланко Е.И.;1646;;text;;text;ip-lanko-e-i;500;;;г. Ейск, Мичурина 17/1 (ст. Староминская);Г. КРАСНОДАР, КРАСНОДАРСКИЙ КРАЙ;;8 918 435 15 31;Г. КРАСНОДАР, КРАСНОДАРСКИЙ КРАЙ;;
1647;ИП Шевченко Д.;1647;;text;;text;ip-shevchenko-d;500;;;г. Ейск, ст. Староминская  (Промзона);Г. КРАСНОДАР, КРАСНОДАРСКИЙ КРАЙ;;8 918 385 61 62;;;
1648;ИП Гулько;1648;;text;;text;ip-gulko;500;;ae.1977@mail.ru;г. Армавир, ст Дружба, участок 11;Г. КРАСНОДАР, КРАСНОДАРСКИЙ КРАЙ;;8 989 804 16 82;;;
1649;ИП Безребров;1649;;text;;text;ip-bezrebrov;500;; irinaholod@yandex.ru;г. Армавир, ул. Красной Армии 97;Г. КРАСНОДАР, КРАСНОДАРСКИЙ КРАЙ;;8 918 336 25 25 ;;;
1649;ИП Безребров;1649;;text;;text;ip-bezrebrov;500;; irinaholod@yandex.ru;г. Армавир, ул. Красной Армии 97;Г. КРАСНОДАР, КРАСНОДАРСКИЙ КРАЙ;;8 988 379 86 80;;;
1650;ИП Ворожко;1650;;text;;text;ip-vorozhko;500;;vorozhko_vladimir@mail.ru;г. Армавир, Красная поляна на въезде;Г. КРАСНОДАР, КРАСНОДАРСКИЙ КРАЙ;;8 918 973 97 37;;;
1651;ИП Аникин;1651;;text;;text;ip-anikin;500;;anikinalex1@mail.ru;г. Курганинск, ул. Д Бедного 244а;Г. КРАСНОДАР, КРАСНОДАРСКИЙ КРАЙ;;8 938 888 07 77;;;
1652;ИП Богус;1652;;text;;text;ip-bogus;500;;bogusma@mail.ru;г. Майкоп, ул. Коммунальный 1;Г. КРАСНОДАР, КРАСНОДАРСКИЙ КРАЙ;;8 906 438 58 06;;;
1653;ИП Образцов В.Г.;1653;компания «ДОМ»;text;;text;ip-obraztsov-v-g;500;;valeriy-rf@yandex.ru;ст. Каневская, Ул. Береговая, 5а;Г. КРАСНОДАР, КРАСНОДАРСКИЙ КРАЙ;;8 928 333 77 55;;;
1654;ИП Верхотуров А.Ю.;1654;ТД «Пирамида»;text;;text;ip-verkhoturov-a-yu;500;; jura@td-piramida.ru;г. Анапа, ул. Спортивная, 49;Г. КРАСНОДАР, КРАСНОДАРСКИЙ КРАЙ;;8 918 647 71 00;;;
1655;ИП Нурудинов;1655;;text;;text;ip-nurudinov;500;; nurudinov1986@mail.ru;Ст. Павловская, Советская, 76;Г. КРАСНОДАР, КРАСНОДАРСКИЙ КРАЙ;;8 905 473 90 00;Г. КРАСНОДАР, КРАСНОДАРСКИЙ КРАЙ;;
1656;ИП Полухин А.А.;1656;;text;;text;ip-polukhin-a-a;500;;poluhinaa@mail.ru;Ст. Ленинградская, ул. Ленина 14;Г. КРАСНОДАР, КРАСНОДАРСКИЙ КРАЙ;;8 989 816 44 00;Г. КРАСНОДАР, КРАСНОДАРСКИЙ КРАЙ;;
1657;Торговые представительства строй базы Сура-Волга;1657;Стройбаза №1;text;;text;torgovye-predstavitelstva-stroy-bazy-sura-volga;500;;;г. Пенза,  ул. Ижевская, 1Г;г. Пенза;;8 (8412) 33-99-32;Г. ПЕНЗА;;
1657;Торговые представительства строй базы Сура-Волга;1657;Стройбаза №1;text;;text;torgovye-predstavitelstva-stroy-bazy-sura-volga;500;;;г. Пенза,  ул. Ижевская, 1Г;г. Пенза;;8 (8412) 31-95-21;Г. ПЕНЗА;;
1658;Торговые представительства строй базы Сура-Волга;1658;Стройбаза №2;text;;text;torgovye-predstavitelstva-stroy-bazy-sura-volga2;500;;;г. Пенза,  ул. Центральная, 2Г;г. Пенза;;8 (8412) 21-49-22;Г. ПЕНЗА;;
1658;Торговые представительства строй базы Сура-Волга;1658;Стройбаза №2;text;;text;torgovye-predstavitelstva-stroy-bazy-sura-volga2;500;;;г. Пенза,  ул. Центральная, 2Г;г. Пенза;;8 (8412) 30-92-85;Г. ПЕНЗА;;
1659;ООО АПК «Поволжье»;1659;;text;Офис продаж: г. Пенза, ул. Малая Бугровка, 17;text;ooo-apk-povolzhe;500;;;г. Пенза, ул. Байдукова, 65;г. Пенза;;+7(8412) 45-81-78;Г. ПЕНЗА;;
1659;ООО АПК «Поволжье»;1659;;text;Офис продаж: г. Пенза, ул. Малая Бугровка, 17;text;ooo-apk-povolzhe;500;;;г. Пенза, ул. Байдукова, 65;г. Пенза;;+7(8412) 45-81-79;Г. ПЕНЗА;;
1659;ООО АПК «Поволжье»;1659;;text;Офис продаж: г. Пенза, ул. Малая Бугровка, 17;text;ooo-apk-povolzhe;500;;;г. Пенза, ул. Байдукова, 65;г. Пенза;;+7(8412) 99-99-44;Г. ПЕНЗА;;
1659;ООО АПК «Поволжье»;1659;;text;Офис продаж: г. Пенза, ул. Малая Бугровка, 17;text;ooo-apk-povolzhe;500;;;г. Пенза, ул. Байдукова, 65;г. Пенза;;+7 (963) 109-31-10;Г. ПЕНЗА;;
1660;ООО Кирпичный Рай;1660;;text;;text;ooo-kirpichnyy-ray;500;;;г. Уфа ул. Менделеева 149 , офис 41;РЕСПУБЛИКА БАШКОРТОСТАН;;+7 347-200-07-23;РЕСПУБЛИКА БАШКОРТОСТАН;;
1660;ООО Кирпичный Рай;1660;;text;;text;ooo-kirpichnyy-ray;500;;;г. Уфа ул. Менделеева 149 , офис 41;РЕСПУБЛИКА БАШКОРТОСТАН;;+7 937-836-05-01;РЕСПУБЛИКА БАШКОРТОСТАН;;
1661;СК Технология;1661;официальный дистрибьютор в Оренбурге;text;;text;sk-tekhnologiya;500;;;Оренбург, Гаранькина 16, строительный рынок;Г. ОРЕНБУРГ;;8(3532) 42-56-56;Г. ОРЕНБУРГ;;
1661;СК Технология;1661;официальный дистрибьютор в Оренбурге;text;;text;sk-tekhnologiya;500;;;Оренбург, Гаранькина 16, строительный рынок;Г. ОРЕНБУРГ;;89619000094;Г. ОРЕНБУРГ;;
1662;ИП Долгунов П.И. («КирпичЮгСтрой»);1662;;text;;text;ip-dolgunov-p-i-kirpichyugstroy-;500;;petr_dol67@mail.ru;г. Буденновск, ул. Розы Люксембург, 24;СТАВРОПОЛЬСКИЙ КРАЙ;;8 962 445 77 02;СТАВРОПОЛЬСКИЙ КРАЙ;;
1663;ИП Агеев А.А.;1663;;text;;text;ip-ageev-a-a;500;;kris522@yandex.ru;г. Пятигорск, Черкесское шоссе 2-ой км;СТАВРОПОЛЬСКИЙ КРАЙ;;8 989 989 989 0;СТАВРОПОЛЬСКИЙ КРАЙ;;
1664;ИП Труш;1664;;text;;text;ip-trush;500;; trushroman@mail.ru;г. Пятигорск, Суворовский проезд 1;СТАВРОПОЛЬСКИЙ КРАЙ;;8 903 446 20 12;СТАВРОПОЛЬСКИЙ КРАЙ;;
1665;ПРОМРЕЗЕРВ;1665;;text;;text;promrezerv;500;;;г. Тамбов, бульвар Строителей, д. 6Б;Г. ТАМБОВ;;(4752) 63-31-16;Г. ТАМБОВ;;
1665;ПРОМРЕЗЕРВ;1665;;text;;text;promrezerv;500;;;г. Тамбов, бульвар Строителей, д. 6Б;Г. ТАМБОВ;;(4752) 63-31-28;Г. ТАМБОВ;;
1666;Новострой;1666;Офис: г. Тамбов ул. Монтажников 12;text;;text;novostroy;500;;;г. Тамбов, ул. Бастионная 24Б;Г. ТАМБОВ;;+7 (4752) 561-568;Г. ТАМБОВ;;
1666;Новострой;1666;Офис: г. Тамбов ул. Монтажников 12;text;;text;novostroy;500;;;г. Тамбов, ул. Бастионная 24Б;Г. ТАМБОВ;;8 (910) 652-25-52;Г. ТАМБОВ;;
1666;Новострой;1666;Офис: г. Тамбов ул. Монтажников 12;text;;text;novostroy;500;;;г. Тамбов, ул. Бастионная 24Б;Г. ТАМБОВ;;8 (915) 663-72-94;Г. ТАМБОВ;;
1667;Кеми Строй;1667;"Магазин стройматериалов «Кеми Строй»
";text;;text;kemi-stroy;500;;;г. Тамбов,  ул. Кавказская, 1а;Г. ТАМБОВ;;+7 (4752) 44-02-49;Г. ТАМБОВ;;
1667;Кеми Строй;1667;"Магазин стройматериалов «Кеми Строй»
";text;;text;kemi-stroy;500;;;г. Тамбов,  ул. Кавказская, 1а;Г. ТАМБОВ;;+7 (4752) 73-92-47;Г. ТАМБОВ;;
1667;Кеми Строй;1667;"Магазин стройматериалов «Кеми Строй»
";text;;text;kemi-stroy;500;;;г. Тамбов,  ул. Кавказская, 1а;Г. ТАМБОВ;;+7 (4752) 73-40-21;Г. ТАМБОВ;;
1668;Кеми Строй;1668;"Магазин стройматериалов «Кеми Строй»
";text;;text;kemi-stroy2;500;;;г. Тамбов, ул. Мичуринская, 237;Г. ТАМБОВ;;+7 (915) 871-17-02;Г. ТАМБОВ;;
1668;Кеми Строй;1668;"Магазин стройматериалов «Кеми Строй»
";text;;text;kemi-stroy2;500;;;г. Тамбов, ул. Мичуринская, 237;Г. ТАМБОВ;;+7 (902) 723-03-00;Г. ТАМБОВ;;
1669;Стройка-Тамбов ;1669;;text;;text;stroyka-tambov-;500;;;г. Тамбов, ул. Бастионная улица, 3Г;Г. ТАМБОВ;;+7 (4752) 44-77-77;Г. ТАМБОВ;;
1669;Стройка-Тамбов ;1669;;text;;text;stroyka-tambov-;500;;;г. Тамбов, ул. Бастионная улица, 3Г;Г. ТАМБОВ;;+7 (4752) 73-27-05;Г. ТАМБОВ;;
1669;Стройка-Тамбов ;1669;;text;;text;stroyka-tambov-;500;;;г. Тамбов, ул. Бастионная улица, 3Г;Г. ТАМБОВ;;+7 (4752) 78-09-88;Г. ТАМБОВ;;
1670;Строй Материалы;1670;;text;;text;stroy-materialy;500;;;г. Тамбов, ул. Бастионная улица, 3Г;Г. ТАМБОВ;;8(4752)44-77-77;;;
1670;Строй Материалы;1670;;text;;text;stroy-materialy;500;;;г. Тамбов, ул. Бастионная улица, 3Г;Г. ТАМБОВ;;8(4752)73-27-05;;;
1671;MosKeram;1671;;text;;text;moskeram;500;;;г. Тамбов, ул. Волжская 69 офис 2б;Г. ТАМБОВ;;8 (920) 470-82-55;;;
1672;Строительные Материалы «Эврика»;1672;;text;;text;stroitelnye-materialy-evrika;500;;;г. Курск, ул. Нижняя Казацкая д.19;Г. КУРСК;;+7 (471) 278-75-67;Г. КУРСК;;
1672;Строительные Материалы «Эврика»;1672;;text;;text;stroitelnye-materialy-evrika;500;;;г. Курск, ул. Нижняя Казацкая д.19;Г. КУРСК;;+7 (961) 197-95-63;Г. КУРСК;;
1673;Отдел продаж и выставочный зал «Эврика»;1673;;text;;text;otdel-prodazh-i-vystavochnyy-zal-evrika;500;;;г. Курск, ул. Нижняя Казацкая д. 26;Г. КУРСК;;+7 (4712) 585-223;Г. КУРСК;;
1674;Склад-Магазин;1674;;text;;text;sklad-magazin;500;;;г. Курск дер. Верхняя Медведица, ул. Производственная, 5;Г. КУРСК;;+7 (4712) 70-70-34;Г. КУРСК;;
